[
  {
    "id": "151",
    "img": "https://deykvccewcmn1.cloudfront.net/pepperoni_global.webp",
    "img_1": "https://deykvccewcmn1.cloudfront.net/Pepperoni.webp",
    "title": "Pepperoni",
    "ingredients": "3",
    "description": "Pizza Sauce, Mozzarella, Pepperoni",
    "type": "pizza",
    "price": 18.13,
    "aksiyaPrice": 27.9,
    "language": "en",
    "timestamp": 1755962718827
  },
  {
    "id": "400",
    "img": "https://deykvccewcmn1.cloudfront.net/margherita_global.webp",
    "img_1": "https://deykvccewcmn1.cloudfront.net/margherita_mobile_detail.webp",
    "title": "Margherita",
    "ingredients": "33",
    "description": "Pizza Sauce, Mozzarella, Tomato",
    "type": "pizza",
    "price": 18.13,
    "aksiyaPrice": 27.9,
    "language": "en",
    "timestamp": 1755962718827
  },
  {
    "id": "401",
    "img": "https://deykvccewcmn1.cloudfront.net/mushroom_&_ham_global.webp",
    "img_1": "https://deykvccewcmn1.cloudfront.net/mushroom_and_ham_mobile_detail.webp",
    "title": "Ham & Mushroom",
    "ingredients": "444",
    "description": "Pizza Sauce, Mozzarella, Ham, Mushrooms",
    "type": "pizza",
    "price": 18.13,
    "aksiyaPrice": 27.9,
    "language": "en",
    "timestamp": 1755962718827
  },
  {
    "id": "402",
    "img": "https://deykvccewcmn1.cloudfront.net/mexican_global.webp",
    "img_1": "https://deykvccewcmn1.cloudfront.net/mexican_mobile_detail.webp",
    "title": "Mexican",
    "ingredients": "7",
    "description": "Pizza Sauce, Mozzarella, Pepperoni, Jalapeno, Green Peppers, Black Olives, Onions",
    "type": "pizza",
    "price": 18.13,
    "aksiyaPrice": 27.9,
    "language": "en",
    "timestamp": 1755962718827
  },
  {
    "id": "403",
    "img": "https://deykvccewcmn1.cloudfront.net/greek_global.webp",
    "img_1": "https://deykvccewcmn1.cloudfront.net/greek_mobile_detail.webp",
    "title": "Greek",
    "ingredients": "666",
    "description": "Pizza Sauce, Mozzarella, Green Pepper, Black Olives, Feta, Tomato",
    "type": "pizza",
    "price": 18.13,
    "aksiyaPrice": 27.9,
    "language": "en",
    "timestamp": 1755962718827
  },
  {
    "id": "404",
    "img": "https://deykvccewcmn1.cloudfront.net/deluxe_global.webp",
    "img_1": "https://deykvccewcmn1.cloudfront.net/delux_mobile_detail.webp",
    "title": "Delux",
    "ingredients": "777",
    "description": "Pizza Sauce, Mozzarella, Mushroom, Pepperoni, Ham, Onion, Green Pepper",
    "type": "pizza",
    "price": 18.13,
    "aksiyaPrice": 27.9,
    "language": "en",
    "timestamp": 1755962718827
  },
  {
    "id": "405",
    "img": "https://deykvccewcmn1.cloudfront.net/calipso_global.webp",
    "img_1": "https://deykvccewcmn1.cloudfront.net/calipso.webp",
    "title": "Calypso",
    "ingredients": "555",
    "description": "Pizza Sauce, Mozzarella, Tuna, Onion, Corn, Tomato",
    "type": "pizza",
    "price": 18.13,
    "aksiyaPrice": 27.9,
    "language": "en",
    "timestamp": 1755962718827
  },
  {
    "id": "502",
    "img": "https://deykvccewcmn1.cloudfront.net/american_global.webp",
    "img_1": "https://deykvccewcmn1.cloudfront.net/American.webp",
    "title": "American",
    "ingredients": "44",
    "description": "Pizza sauce, Mozzarella, Pepperoni, Bacon, Mushrooms",
    "type": "pizza",
    "price": 20.09,
    "aksiyaPrice": 30.9,
    "language": "en",
    "timestamp": 1755962718827
  },
  {
    "id": "407",
    "img": "https://deykvccewcmn1.cloudfront.net/grilled_chicken.webp",
    "img_1": "https://deykvccewcmn1.cloudfront.net/grilled_chicken_mobile_detail.webp",
    "title": "Grilled Chicken",
    "ingredients": "66",
    "description": "Pizza Sauce, Chicken, Mozzarella, Mushroom, Green, Pepper, Corn",
    "type": "pizza",
    "price": 20.09,
    "aksiyaPrice": 30.9,
    "language": "en",
    "timestamp": 1755962718827
  },
  {
    "id": "408",
    "img": "https://deykvccewcmn1.cloudfront.net/chicken_BBQ.webp",
    "img_1": "https://deykvccewcmn1.cloudfront.net/chicken_bbq_mbile_detail.webp",
    "title": "Chicken BBQ",
    "ingredients": "555",
    "description": "Pizza Sauce, Mozzarella, Green Pepper, Chicken, Onion, BBQ Sauce",
    "type": "pizza",
    "price": 20.09,
    "aksiyaPrice": 30.9,
    "language": "en",
    "timestamp": 1755962718827
  },
  {
    "id": "300",
    "img": "https://deykvccewcmn1.cloudfront.net/veggie_global.webp",
    "img_1": "https://deykvccewcmn1.cloudfront.net/Veggie.webp",
    "title": "Veggie",
    "ingredients": "7",
    "description": "Pizza Sauce, Onion, Green Pepper, Mozzarella, Black Olives, Mushroom, Corn",
    "type": "pizza",
    "price": 20.09,
    "aksiyaPrice": 30.9,
    "language": "en",
    "timestamp": 1755962718827
  },
  {
    "id": "409",
    "img": "https://deykvccewcmn1.cloudfront.net/mix_global.webp",
    "img_1": "https://deykvccewcmn1.cloudfront.net/mix_detail_mobile.webp",
    "title": "Mix",
    "ingredients": "5555",
    "description": "Pizza Sauce, Mozzarella, Ham, Bacon, Green Peppers, Onion",
    "type": "pizza",
    "price": 20.09,
    "aksiyaPrice": 30.9,
    "language": "en",
    "timestamp": 1755962718827
  },
  {
    "id": "500",
    "img": "https://deykvccewcmn1.cloudfront.net/4meat_global.webp",
    "img_1": "https://deykvccewcmn1.cloudfront.net/4Meat.webp",
    "title": "4 Meat",
    "ingredients": "4",
    "description": "Pizza sauce, Mozzarella, Pepperoni, Bacon, Ham, Beef Sausage",
    "type": "pizza",
    "price": 20.09,
    "aksiyaPrice": 30.9,
    "language": "en",
    "timestamp": 1755962718827
  },
  {
    "id": "410",
    "img": "https://deykvccewcmn1.cloudfront.net/extravaganza_global.webp",
    "img_1": "https://deykvccewcmn1.cloudfront.net/extravaganza_mobile_detail.webp",
    "title": "Extravaganza",
    "ingredients": "9",
    "description": "Pizza Sauce, Onion, Mozzarella, Beef Sausage, Pepperoni, Black Olives, Gr. Pepper, Mushroom, Ham, Corn",
    "type": "pizza",
    "price": 20.09,
    "aksiyaPrice": 30.9,
    "language": "en",
    "timestamp": 1755962718828
  },
  {
    "id": "501",
    "img": "https://deykvccewcmn1.cloudfront.net/20250620091628501_chilli.webp",
    "img_1": "https://deykvccewcmn1.cloudfront.net/20240831205841410_chillychicken.webp",
    "title": "Sweet Chilli Chicken",
    "ingredients": "6",
    "description": "Pizza Sauce, Mozzarella, Chicken, Green Pepper, Onion, Sweet Chilli Sauce",
    "type": "pizza",
    "price": 20.09,
    "aksiyaPrice": 30.9,
    "language": "en",
    "timestamp": 1755962718828
  },
  {
    "id": "155",
    "img": "https://deykvccewcmn1.cloudfront.net/20240831212119268_HoneyMusterChicken.webp",
    "img_1": "https://deykvccewcmn1.cloudfront.net/20240831212139673_honeymusterchicken.webp",
    "title": "Honey Mustard Chicken",
    "ingredients": "6",
    "description": "Pizza Sauce, Mozzarella, Chicken, Mushroom, Honey Mustard Sauce",
    "type": "pizza",
    "price": 20.09,
    "aksiyaPrice": 30.9,
    "language": "en",
    "timestamp": 1755962718828
  },
  {
    "id": "153",
    "img": "https://deykvccewcmn1.cloudfront.net/4cheese_global.webp",
    "img_1": "https://deykvccewcmn1.cloudfront.net/4Cheese.webp",
    "title": "4 Cheese",
    "ingredients": "5",
    "description": "Pizza Sauce, Mozzarella, Feta, Cheddar, Gorgonzola",
    "type": "pizza",
    "price": 20.73,
    "aksiyaPrice": 31.9,
    "language": "en",
    "timestamp": 1755962718828
  },
  {
    "id": "154",
    "img": "https://deykvccewcmn1.cloudfront.net/double_pepperoni_global.webp",
    "img_1": "https://deykvccewcmn1.cloudfront.net/Double Pepperoni.webp",
    "title": "Double Pepperoni",
    "ingredients": "3",
    "description": "Pizza Sauce, Mozzarella, Double Pepperon",
    "type": "pizza",
    "price": 20.73,
    "aksiyaPrice": 31.9,
    "language": "en",
    "timestamp": 1755962718828
  },
  {
    "id": "413",
    "img": "https://deykvccewcmn1.cloudfront.net/domino_s_pizza_Global.webp",
    "img_1": "https://deykvccewcmn1.cloudfront.net/dominos pizza.webp",
    "title": "Domino's Pizza",
    "ingredients": "8",
    "description": "Pizza Sauce, Chicken, Mozzarella, Mushroom, Bacon, Green Pepper, Tomato, Pepperoni, Onion",
    "type": "pizza",
    "price": 20.73,
    "aksiyaPrice": 31.9,
    "language": "en",
    "timestamp": 1755962718828
  },
  {
    "id": "412",
    "img": "https://deykvccewcmn1.cloudfront.net/bacon_&_ranch_sauce_global.webp",
    "img_1": "https://deykvccewcmn1.cloudfront.net/chicken ranch.webp",
    "title": "Bacon & Chicken Ranch",
    "ingredients": "4444",
    "description": "Pizza Sauce, Mozzarella, Chicken, Tomato, Bacon, Ranch Sauce",
    "type": "pizza",
    "price": 20.73,
    "aksiyaPrice": 31.9,
    "language": "en",
    "timestamp": 1755962718828
  }
]