[
  {
    "id": "151",
    "img": "https://deykvccewcmn1.cloudfront.net/pepperoni_global.webp",
    "img_1": "https://deykvccewcmn1.cloudfront.net/Pepperoni.webp",
    "title": "პეპერონი",
    "ingredients": "3",
    "description": "პიცის სოუსი, მოცარელა, პეპერონი",
    "type": "pizza",
    "price": 18.13,
    "aksiyaPrice": 27.9,
    "language": "geo",
    "timestamp": 1755963262954
  },
  {
    "id": "400",
    "img": "https://deykvccewcmn1.cloudfront.net/margherita_global.webp",
    "img_1": "https://deykvccewcmn1.cloudfront.net/margherita_mobile_detail.webp",
    "title": "მარგარიტა",
    "ingredients": "33",
    "description": "პიცის სოუსი, მოცარელა, პომიდორი",
    "type": "pizza",
    "price": 18.13,
    "aksiyaPrice": 27.9,
    "language": "geo",
    "timestamp": 1755963262954
  },
  {
    "id": "401",
    "img": "https://deykvccewcmn1.cloudfront.net/mushroom_&_ham_global.webp",
    "img_1": "https://deykvccewcmn1.cloudfront.net/mushroom_and_ham_mobile_detail.webp",
    "title": "ლორი და სოკო",
    "ingredients": "444",
    "description": "პიცის სოუსი, მოცარელა, ლორი, სოკო",
    "type": "pizza",
    "price": 18.13,
    "aksiyaPrice": 27.9,
    "language": "geo",
    "timestamp": 1755963262954
  },
  {
    "id": "402",
    "img": "https://deykvccewcmn1.cloudfront.net/mexican_global.webp",
    "img_1": "https://deykvccewcmn1.cloudfront.net/mexican_mobile_detail.webp",
    "title": "მექსიკური",
    "ingredients": "7",
    "description": "პიცის სოუსი, მოცარელა, პეპერონი, ხალაპენიო, მწვანე წიწაკა, შავი ზეთისხილი, ხახვი",
    "type": "pizza",
    "price": 18.13,
    "aksiyaPrice": 27.9,
    "language": "geo",
    "timestamp": 1755963262954
  },
  {
    "id": "403",
    "img": "https://deykvccewcmn1.cloudfront.net/greek_global.webp",
    "img_1": "https://deykvccewcmn1.cloudfront.net/greek_mobile_detail.webp",
    "title": "ბერძენი",
    "ingredients": "666",
    "description": "პიცის სოუსი, მოცარელა, მწვანე წიწაკა, შავი ზეთისხილი, ფეტა, პომიდორი",
    "type": "pizza",
    "price": 18.13,
    "aksiyaPrice": 27.9,
    "language": "geo",
    "timestamp": 1755963262954
  },
  {
    "id": "404",
    "img": "https://deykvccewcmn1.cloudfront.net/deluxe_global.webp",
    "img_1": "https://deykvccewcmn1.cloudfront.net/delux_mobile_detail.webp",
    "title": "დელუქსი",
    "ingredients": "777",
    "description": "პიცის სოუსი, მოცარელა, სოკო, პეპერონი, ლორი, ხახვი, მწვანე წიწაკა",
    "type": "pizza",
    "price": 18.13,
    "aksiyaPrice": 27.9,
    "language": "geo",
    "timestamp": 1755963262954
  },
  {
    "id": "405",
    "img": "https://deykvccewcmn1.cloudfront.net/calipso_global.webp",
    "img_1": "https://deykvccewcmn1.cloudfront.net/calipso.webp",
    "title": "კალიფსო",
    "ingredients": "555",
    "description": "პიცის სოუსი, მოცარელა, თინუსი, ხახვი, სიმინდი, პომიდორი",
    "type": "pizza",
    "price": 18.13,
    "aksiyaPrice": 27.9,
    "language": "geo",
    "timestamp": 1755963262954
  },
  {
    "id": "502",
    "img": "https://deykvccewcmn1.cloudfront.net/american_global.webp",
    "img_1": "https://deykvccewcmn1.cloudfront.net/American.webp",
    "title": "ამერიკელი",
    "ingredients": "44",
    "description": "პიცის სოუსი, მოცარელა, პეპერონი, ბეკონი, სოკო",
    "type": "pizza",
    "price": 20.09,
    "aksiyaPrice": 30.9,
    "language": "geo",
    "timestamp": 1755963262954
  },
  {
    "id": "407",
    "img": "https://deykvccewcmn1.cloudfront.net/grilled_chicken.webp",
    "img_1": "https://deykvccewcmn1.cloudfront.net/grilled_chicken_mobile_detail.webp",
    "title": "შემწვარი ქათამი",
    "ingredients": "66",
    "description": "პიცის სოუსი, ქათამი, მოცარელა, სოკო, მწვანილი, წიწაკა, სიმინდი",
    "type": "pizza",
    "price": 20.09,
    "aksiyaPrice": 30.9,
    "language": "geo",
    "timestamp": 1755963262954
  },
  {
    "id": "408",
    "img": "https://deykvccewcmn1.cloudfront.net/chicken_BBQ.webp",
    "img_1": "https://deykvccewcmn1.cloudfront.net/chicken_bbq_mbile_detail.webp",
    "title": "ქათმის BBQ",
    "ingredients": "555",
    "description": "პიცის სოუსი, მოცარელა, მწვანე წიწაკა, ქათამი, ხახვი, BBQ სოუსი",
    "type": "pizza",
    "price": 20.09,
    "aksiyaPrice": 30.9,
    "language": "geo",
    "timestamp": 1755963262954
  },
  {
    "id": "300",
    "img": "https://deykvccewcmn1.cloudfront.net/veggie_global.webp",
    "img_1": "https://deykvccewcmn1.cloudfront.net/Veggie.webp",
    "title": "მცენარეული",
    "ingredients": "7",
    "description": "პიცის სოუსი, ხახვი, მწვანე წიწაკა, მოცარელა, შავი ზეთისხილი, სოკო, სიმინდი",
    "type": "pizza",
    "price": 20.09,
    "aksiyaPrice": 30.9,
    "language": "geo",
    "timestamp": 1755963262955
  },
  {
    "id": "409",
    "img": "https://deykvccewcmn1.cloudfront.net/mix_global.webp",
    "img_1": "https://deykvccewcmn1.cloudfront.net/mix_detail_mobile.webp",
    "title": "შეურიეთ",
    "ingredients": "5555",
    "description": "პიცის სოუსი, მოცარელა, ლორი, ბეკონი, მწვანე წიწაკა, ხახვი",
    "type": "pizza",
    "price": 20.09,
    "aksiyaPrice": 30.9,
    "language": "geo",
    "timestamp": 1755963262955
  },
  {
    "id": "500",
    "img": "https://deykvccewcmn1.cloudfront.net/4meat_global.webp",
    "img_1": "https://deykvccewcmn1.cloudfront.net/4Meat.webp",
    "title": "4 ხორცი",
    "ingredients": "4",
    "description": "პიცის სოუსი, მოცარელა, პეპერონი, ბეკონი, ლორი, საქონლის ძეხვი",
    "type": "pizza",
    "price": 20.09,
    "aksiyaPrice": 30.9,
    "language": "geo",
    "timestamp": 1755963262955
  },
  {
    "id": "410",
    "img": "https://deykvccewcmn1.cloudfront.net/extravaganza_global.webp",
    "img_1": "https://deykvccewcmn1.cloudfront.net/extravaganza_mobile_detail.webp",
    "title": "ექსტრავაგანზა",
    "ingredients": "9",
    "description": "პიცის სოუსი, ხახვი, მოცარელა, საქონლის ძეხვი, პეპერონი, შავი ზეთისხილი, მწვანე წიწაკა, სოკო, ლორი, სიმინდი",
    "type": "pizza",
    "price": 20.09,
    "aksiyaPrice": 30.9,
    "language": "geo",
    "timestamp": 1755963262955
  },
  {
    "id": "501",
    "img": "https://deykvccewcmn1.cloudfront.net/20250620091628501_chilli.webp",
    "img_1": "https://deykvccewcmn1.cloudfront.net/20240831205841410_chillychicken.webp",
    "title": "ტკბილი ჩილის ქათამი",
    "ingredients": "6",
    "description": "პიცის სოუსი, მოცარელა, ქათამი, მწვანე წიწაკა, ხახვი, ტკბილი ჩილის სოუსი",
    "type": "pizza",
    "price": 20.09,
    "aksiyaPrice": 30.9,
    "language": "geo",
    "timestamp": 1755963262955
  },
  {
    "id": "155",
    "img": "https://deykvccewcmn1.cloudfront.net/20240831212119268_HoneyMusterChicken.webp",
    "img_1": "https://deykvccewcmn1.cloudfront.net/20240831212139673_honeymusterchicken.webp",
    "title": "თაფლის მდოგვის ქათამი",
    "ingredients": "6",
    "description": "პიცის სოუსი, მოცარელა, ქათამი, სოკო, თაფლის მდოგვის სოუსი",
    "type": "pizza",
    "price": 20.09,
    "aksiyaPrice": 30.9,
    "language": "geo",
    "timestamp": 1755963262955
  },
  {
    "id": "153",
    "img": "https://deykvccewcmn1.cloudfront.net/4cheese_global.webp",
    "img_1": "https://deykvccewcmn1.cloudfront.net/4Cheese.webp",
    "title": "4 ყველი",
    "ingredients": "5",
    "description": "პიცის სოუსი, მოცარელა, ფეტა, ჩედარი, გორგონზოლა",
    "type": "pizza",
    "price": 20.73,
    "aksiyaPrice": 31.9,
    "language": "geo",
    "timestamp": 1755963262955
  },
  {
    "id": "154",
    "img": "https://deykvccewcmn1.cloudfront.net/double_pepperoni_global.webp",
    "img_1": "https://deykvccewcmn1.cloudfront.net/Double Pepperoni.webp",
    "title": "ორმაგი პეპერონი",
    "ingredients": "3",
    "description": "პიცის სოუსი, მოცარელა, ორმაგი პეპერონი",
    "type": "pizza",
    "price": 20.73,
    "aksiyaPrice": 31.9,
    "language": "geo",
    "timestamp": 1755963262955
  },
  {
    "id": "413",
    "img": "https://deykvccewcmn1.cloudfront.net/domino_s_pizza_Global.webp",
    "img_1": "https://deykvccewcmn1.cloudfront.net/dominos pizza.webp",
    "title": "დომინოს პიცა",
    "ingredients": "8",
    "description": "პიცის სოუსი, ქათამი, მოცარელა, სოკო, ბეკონი, მწვანე წიწაკა, პომიდორი, პეპერონი, ხახვი",
    "type": "pizza",
    "price": 20.73,
    "aksiyaPrice": 31.9,
    "language": "geo",
    "timestamp": 1755963262955
  },
  {
    "id": "412",
    "img": "https://deykvccewcmn1.cloudfront.net/bacon_&_ranch_sauce_global.webp",
    "img_1": "https://deykvccewcmn1.cloudfront.net/chicken ranch.webp",
    "title": "ბეკონისა და ქათმის რანჩო",
    "ingredients": "4444",
    "description": "პიცის სოუსი, მოცარელა, ქათამი, პომიდორი, ბეკონი, რანჩის სოუსი",
    "type": "pizza",
    "price": 20.73,
    "aksiyaPrice": 31.9,
    "language": "geo",
    "timestamp": 1755963262955
  }
]